<?xml version='1.0' standalone='yes'?>
<extension>
    <name>PLUGIN_TWITCH</name>
    <description>PLUGIN_TWITCH_DESCRIPTION</description>
    <module>Plugins::Twitch::Plugin</module>
    <category>musicservices</category>
    <onlineLibrary>false</onlineLibrary>
    <defaultState>enabled</defaultState>
    <icon>plugins/twitch/html/images/twitch.png</icon>
    <optionsURL>plugins/twitch/html/settings/basic.html</optionsURL>
    
    <creator>bungh0l10</creator>
    <version>0.0.0.17</version>
    <targetApplication>
        <id>SqueezeCenter</id>
        <minVersion>7.7</minVersion>
        <maxVersion>*</maxVersion>
    </targetApplication>
    <type>2</type>
</extension>
